road_id,total_violation_duration_s,violated_properties_count
349,48.83046,4
356,28.60002,3
112,26.82551,4
774,24.78443,4
833,24.52702,4
768,23.93908,5
177,23.718980000000002,3
258,22.470640000000003,4
485,21.986379999999997,3
763,21.91957,4
255,21.87407,4
78,21.57551,3
117,21.50292,4
821,21.455930000000002,3
909,21.28068,3
873,21.243940000000002,3
807,21.241799999999998,3
406,21.10771,3
832,20.94674,5
912,20.8779,3
